name,address,phone,whatsapp,lat,lng
"Shahrukh Shaik","lovely rose, iskcon juhu","","70455 23795","19.1129554341764","72.8262261480733"
"Vk pet's dog walking services in Mumbai","Gawade chawl, Azad Rd, gavathan, Gundavali, Andheri East, Mumbai, Maharashtra 400069, India","","9999999999","19.1206207","72.8518036"
"Dog's walkers","Hanuman Nagar, Worli, Mumbai, Maharashtra 400030, India","08108271510","08108271510","19.0097809","72.8236641"
"Jack dog walker","Juhu Tara Rd, royal, Juhu, Mumbai, Maharashtra 400054, India","09819160170","09819160170","19.0921436","72.8286236"
"Professional Dog walker and Trainer","3, Carmel Society, Valentine Vihar, St John Baptist Rd, Mount Mary, Bandra West, Mumbai, Maharashtra 400050, India","09920884425","09920884425","19.0501796","72.8268763"
"Rahul Dog Walking Services","building number 1 Mauli Krupa, room number 214, Vashi Naka, Mhada Colony Rd, Mahul Gaon, New RNA Colony, MMRDA Colony, Chembur, Mumbai, Maharashtra 400074, India","09028220093","09028220093","19.0324321","72.8998106"
"Platypus- Dog Walking in Mumbai","Krishna Vasant Sagar, D-202, ठाकुर, Phase 1, Thakur Village, Kandivali East, Mumbai, Maharashtra 400101, India","08451880963","08451880963","19.2100481","72.8736556"
"Tail Leash Dog walking services Mumbai","02 3, Saki Vihar Rd, Manohar Nagar, Marol, Andheri East, Mumbai, Maharashtra 400072, India","","9999999999","19.1245746","72.8923092"
"Love and Leash - Premium Dog Walking & Pet Care","Essbel CHS, B-603, Akurli Rd, Kandivali, Green Hills, Lokhandwala Twp, Kandivali East, Mumbai, Maharashtra 400101, India","09145395282","09145395282","19.1949667","72.8755268"
"Ajay Professional Dog Walker","Meher villa bldg 1st floor room no 104 1st Carter road, Road, behind BMC pump Hous, opp. Dhaval Ganga, Chimbai Village, Bandra West, Mumbai, Maharashtra 400050, India","","9999999999","19.0580973","72.8222225"
"Rahul's dog working services","building number 1 Mauli Krupa, room number 214, Vashi Naka, Mhada Colony Rd, Mahul Gaon, New RNA Colony, MMRDA Colony, Chembur, Mumbai, Maharashtra 400074, India","07977510529","07977510529","19.0324321","72.8998106"
"Viju pet's dog walking services","Ishwar kripa, plot No.216, Sanpada East, Sector 5, Sanpada, Navi Mumbai, Maharashtra 400705, India","09324637726","09324637726","19.0617596","73.0144775"
"Dog walkers","Sakinaka, Mayfair Industrial Area, Safed Pul, Kurla, Mumbai, Maharashtra 400072, India","","9999999999","19.0957133","72.8876474"
"Pawsitive Mumbai","Royal Palms, Aarey Milk Colony, Goregaon East, Mumbai, Maharashtra 400065, India","","9999999999","19.1551574","72.8863295"
"Dog Love's Dog Trainer, Dog Walker, Dog Lodging Boarding","Marve Rd, Malad, Rathodi, Malad West, Mumbai, Maharashtra 400095, India","08446726071","08446726071","19.1968108","72.8187739"
"Pet's Nanny Home Boarding - Dog Day Care & Walker","Carter Road No. 2, Jaya Nagar, Borivali East, Mumbai, Maharashtra 400066, India","09967721364","09967721364","19.2252162","72.8587558"
"Paw Sitter","near St Lawrence school, near Swad restaurant, D'Souza Wadi, Shivaji Nagar, Kisan Nagar 1, Thane West, Thane, Maharashtra 400604, India","09082322393","09082322393","19.1880406","72.953254"
"Fizzy dog walker and care taker","Samaj mandir hall, Indira Nagar, Koliwada, Sion, Mumbai, Maharashtra 400022, India","","9999999999","19.0398768","72.870748"
"Walkie Doggie - Rohit's pack of Dog Walkers","Shastri Nagar, Andheri West, Mumbai, Maharashtra 400053, India","","9999999999","19.1400024","72.826351"
"Dogs friendly wolker","St. John Bapista Road, near Sai Baba Mandir, LIC Colony, Pimpaleswar wadi, Bandra West, Mumbai, Maharashtra 400056, India","09967981548","09967981548","19.0974976","72.8408992"
"Shiva - Dog walker & groomers","Navpada, Juhu, Vile Parle West, Mumbai, Maharashtra 400056, India","07977155305","07977155305","19.104497","72.839501"
"Happy Tails","Dr Gopalrao Deshmukh Marg, near villa Theresa highschool, IT Colony, Cumballa Hill, Mumbai, Maharashtra 400026, India","08767497647","08767497647","18.9714107","72.8094641"
"Bonehemian Tails and Pet Taxi","Kamal Kishore, Mahim West, Mahim, Mumbai, Maharashtra 400016, India","07506070995","07506070995","19.0268121","72.8424139"
"Dog Walker, Dog Groomer & Dog Trainer - The Dogginess","Vile Parle West, Mumbai, Maharashtra 400049, India","09930889654","09930889654","19.1085156","72.8245214"
"Paw Brothers Pet Boarding","Paw brothers Pet boarding ground floor, Gala no. 7, tip top medical line road, near Dr. ahmed hospitl, Group Number 7, Tagore Nagar, Vikhroli East, Mumbai, Maharashtra 400083, India","08652139872","08652139872","19.120602","72.9358912"
"Sparky's Pet Services","Cardinal Gracias Rd, Parshiwada, Chakala, Andheri East, Mumbai, Maharashtra 400099, India","08369560218","08369560218","19.1115305","72.8581508"
"GAUTAMI DOG WALKING AND SITTING SERVICE","Ramakrishna Chemburkar Marg, VASHINAKA, Chembur, Mumbai, Maharashtra 400074, India","08097223054","08097223054","19.0282976","72.9032429"
"Dogs on Board Mumbai: Dog Day Care, Boarding, Swimming Pool & Spa","Dogs on board, next to Snehalay bungalow, Kashimira, Mira Road East, Thane, Mira Bhayandar, Maharashtra 401107, India","07977528377","07977528377","19.2777356","72.886377"
"Ankush - Dog Walking & Grooming","20th B Rd, Khar, Chuim Village, Ambedkar Colony, Khar West, Mumbai, Maharashtra 400052, India","09930483145","09930483145","19.0734187","72.8278712"
"Pawkies Dogs Cuddle Therapy & Boarding","Flat A-502, Kapoor Apartment, Punjabi Ln, Chandavarkar Rd, Borivali West, Mumbai, Maharashtra 400092, India","09324180355","09324180355","19.2305803","72.8526095"
"Euphoria Pet Care & Love","Dr Elijah Moses Rd, Royal Western India Turf Club, Mahalakshmi, Mumbai, Maharashtra 400018, India","09702519579","09702519579","18.9900807","72.8211844"
"Paw Paw Pet Home Bording","Building No 13 Flat No002, Shree Shivshakti CHS, near Santoshi Mata Mandir Road, Malad, Parekh Nagar, Malad East, Mumbai, Maharashtra 400097, India","08446474678","08446474678","19.1849281","72.8662798"
"FLD Homestays","Lal Bahadur Shastri Marg, CP Talav, Wagle Industrial Estate, Mulund West, Mumbai, Thane, Maharashtra 400604, India","09004789455","09004789455","19.2018013","72.9443794"
"Dog walking sarvis","Bharat Chawl, rajyasabhaji school, Maratha Colony Rd, Patel Nagar, Golibar, Santacruz, Mumbai, Maharashtra 400055, India","","9999999999","19.0731396","72.8436667"
"Gaurav's home boarding","Devidayal nagar, B-31 Giridarshan, Lal Bahadur Shastri Marg, opposite seven eleven, P&T Staff Colony, Mulund West, Mumbai, Maharashtra 400080, India","09987954645","09987954645","19.1767625","72.9438525"
"Snouters","torona apartment, Sahar Rd, near airport bridge, Parshiwada, AAI Colony, Vile Parle East, Andheri East, Mumbai, Maharashtra 400099, India","","9999999999","19.1086673","72.8565164"
"B M complete dog care center","7/58/1781, Ramakant Deshmukh Marg, Tagore Nagar, Vikhroli East, Mumbai, Maharashtra 400083, India","08369101021","08369101021","19.1197585","72.9361468"
"Aakash Pet Services","Off, Eastern Fwy, near Wadala Truck Terminal, Wadala East, Sion, Mumbai, Maharashtra 400037, India","08291462513","08291462513","19.0376913","72.8778527"
"Perfect Pooch - The K9 home away from home","105-A, Palatial Height, Chandivali Farm Road Diagonally Opposite to Lake Homes Andheri East, Chandivali, Powai, Mumbai, Maharashtra 400072, India","09699933104","09699933104","19.111545","72.900756"
"Vinod All Dog walking service","Cloud 36, sector 11, Ghansoli, Navi Mumbai, Maharashtra 400701, India","","9999999999","19.1190389","72.9934081"
"Dog Walker Kharghar","B-401, 4th floor, Sai Nara, P. No.-142, Block G, Sector 13, Kharghar, Panvel, Maharashtra 410210, India","09350381926","09350381926","19.0452143","73.0718347"
"I Love Paws Dog Walker Mahim","Dhobighat, Demello Compound, Anand Nagar, Vakola, Santacruz East, Mumbai, Maharashtra 400055, India","07304542803","07304542803","19.0841964","72.848163"
"Koolal’s Pet Patrol – Walks, Boarding & Fresh Food, Bandra, Khar, Santacruz and Kalina","Khar - Danda shree ram mandir road, Cat boarding at Kalina, village, Hanuman Nagar, Khar West, Mumbai, Maharashtra 400052, India","09819638726","09819638726","19.0729416","72.8217623"
"Pawkies Dogs Daycare & Boarding","Flat A 501, Kapoor Apartment, Punjabi Ln, Maharashtra Nagar, Borivali West, Mumbai, Maharashtra 400092, India","09324180355","09324180355","19.2305558","72.8526904"
"BowWow Lifestyles","Mehboob Studio Road, Ranwar, Bandra West, Mumbai, Maharashtra 400050, India","07738050504","07738050504","19.052578","72.8242727"
"Pet Paradise Daynight care","G- Wing, Sarova Tower, near THAKUR COLLEGE OF ENGINEERING AND TECHNOLOGY, near हनुमान मंदिर, ठाकुर, Samata Nagar, Thakur Village, Kandivali East, Mumbai, Maharashtra 400101, India","09833469942","09833469942","19.2063772","72.8742555"
"WoofWoof Pet's Care","01, mahavir co op housing society, Plot no 180, near welcome medical, Kopri Village, Kopripada, Sector 26, Vashi, Navi Mumbai, Maharashtra 400703, India","09699666879","09699666879","19.0883919","73.0128608"
"Paw Patrol by Milo & Eva","Vastu darshan, Azad Rd, near bmc office, Azad Nagar, Andheri East, Mumbai, Maharashtra 400069, India","08005887658","08005887658","19.1202457","72.8519838"
"Ravi Kumar Dog walker /grooming","Sector-19, Kharghar, Panvel, Maharashtra 410210, India","","9999999999","19.0501424","73.0781746"
"Peternal","53, Chapel Rd, St Sebastian Colony, Ranwar, Bandra West, Mumbai, Maharashtra 400050, India","08850886563","08850886563","19.0526866","72.8288035"
"Happy paw","Violet G wing, 501, Crown Taloja, Sandap, Bhadra Nagar, Dombivli, Khoni Pagadyacha Pada, Mumbai, Maharashtra 421204, India","07022956776","07022956776","19.1897207","73.0842907"
"DogVenture","near HIRANANDANI MEADOWS, Pawar Nagar, Thane West, Thane, Maharashtra 400610, India","09082388913","09082388913","19.2282022","72.971951"
"Pawfect Life","1, SteelMade Industrial Estate, Hotel Malhar, Lane, Marol Maroshi Rd, behind Punjab National Bank, Gamdevi, Marol, Andheri East, Mumbai, Maharashtra 400059, India","09320184864","09320184864","19.111541","72.8792821"
"Sanjeev Dog Trainer","Gandhi Nagar, Kopri Colony, Thane East, Thane, Maharashtra 400603, India","07400299976","07400299976","19.1773223","72.9637792"
"The House Of Pawz","Bungalow 164 (Prabhu Cottage, Part 1, Aram Nagar, Versova, Andheri West, Mumbai, Maharashtra 400061, India","09930004925","09930004925","19.13294","72.8163093"
"The K9 Service - Dog behaviourist/ Dog Trainer/ Petsitter","Ciba India Road, Saibaba Complex Rd, Yashodham, Goregaon East, Mumbai, Maharashtra 400063, India","08286403445","08286403445","19.1692015","72.8697134"
"Bonbon pet sitting services","Mumbai Veterinary college, Parel, Mumbai, Maharashtra 400012, India","","9999999999","18.9982147","72.844744"
"Pet Adda","Nishad CHS, Siddharth Nagar, Goregaon West, Mumbai, Maharashtra 400104, India","07670954058","07670954058","19.1546054","72.8417858"
"The Bark Club","Plot 41A, Brick Bunder,, (Lane next to Laxmi Ent PETROL PUMP, Reay Road, East, Hay Bunder Rd, Kushal Nagar, Byculla, Mumbai, Maharashtra 400033, India","09930301200","09930301200","18.9804157","72.851449"
"Rahul Dog Trainer","Bhanudarshan CHS, A-17, Arunoday Nagar, Mulund East, Mumbai, Maharashtra 400081, India","07400214210","07400214210","19.1654477","72.9637267"